Time (UTCG),x (km),y (km),z (km),vx (km/sec),vy (km/sec),vz (km/sec)
773251200,-3110.137934,5809.563719,2295.736792,-4.772331,-3.958102,3.551035
773251201,-3114.908737,5805.602573,2299.286479,-4.769274,-3.964188,3.54834
773251202,-3119.67648,5801.635343,2302.83347,-4.766212,-3.97027,3.545641
773251203,-3124.44116,5797.662034,2306.377759,-4.763146,-3.976348,3.542937
773251204,-3129.20277,5793.682649,2309.919343,-4.760075,-3.982421,3.54023
773251205,-3133.961308,5789.697193,2313.458217,-4.756999,-3.98849,3.537518
773251206,-3138.716767,5785.70567,2316.994378,-4.753919,-3.994555,3.534802
773251207,-3143.469144,5781.708084,2320.52782,-4.750834,-4.000616,3.532082
773251208,-3148.218434,5777.704439,2324.05854,-4.747744,-4.006673,3.529358
773251209,-3152.964631,5773.69474,2327.586534,-4.74465,-4.012725,3.526629
773251210,-3157.707732,5769.678991,2331.111798,-4.741551,-4.018773,3.523897
773251211,-3162.447732,5765.657195,2334.634327,-4.738447,-4.024817,3.52116
773251212,-3167.184626,5761.629358,2338.154117,-4.735339,-4.030857,3.51842
773251213,-3171.918409,5757.595484,2341.671165,-4.732226,-4.036892,3.515675
773251214,-3176.649077,5753.555576,2345.185465,-4.729109,-4.042923,3.512926
773251215,-3181.376625,5749.509639,2348.697015,-4.725987,-4.04895,3.510173
773251216,-3186.101048,5745.457678,2352.20581,-4.72286,-4.054972,3.507416
773251217,-3190.822343,5741.399696,2355.711845,-4.719728,-4.060991,3.504654
773251218,-3195.540504,5737.335698,2359.215117,-4.716592,-4.067005,3.501889
773251219,-3200.255526,5733.265688,2362.715621,-4.713451,-4.073014,3.499119
773251220,-3204.967405,5729.189671,2366.213354,-4.710306,-4.07902,3.496346
773251221,-3209.676137,5725.107651,2369.708311,-4.707156,-4.085021,3.493568
773251222,-3214.381716,5721.019631,2373.200488,-4.704002,-4.091017,3.490786
773251223,-3219.084138,5716.925617,2376.689881,-4.700842,-4.09701,3.488
773251224,-3223.783399,5712.825613,2380.176487,-4.697678,-4.102998,3.48521
773251225,-3228.479493,5708.719622,2383.6603,-4.69451,-4.108982,3.482416
773251226,-3233.172417,5704.60765,2387.141317,-4.691337,-4.114961,3.479618
773251227,-3237.862166,5700.489701,2390.619534,-4.688159,-4.120937,3.476815
773251228,-3242.548734,5696.365779,2394.094946,-4.684977,-4.126907,3.474009
773251229,-3247.232118,5692.235888,2397.56755,-4.68179,-4.132874,3.471199
773251230,-3251.912313,5688.100033,2401.037342,-4.678599,-4.138836,3.468384
773251231,-3256.589314,5683.958218,2404.504317,-4.675403,-4.144793,3.465565
773251232,-3261.263116,5679.810447,2407.968471,-4.672202,-4.150747,3.462743
773251233,-3265.933716,5675.656726,2411.429801,-4.668997,-4.156696,3.459916
773251234,-3270.601108,5671.497057,2414.888302,-4.665787,-4.16264,3.457085
773251235,-3275.265288,5667.331446,2418.34397,-4.662572,-4.16858,3.45425
773251236,-3279.926252,5663.159898,2421.796802,-4.659353,-4.174516,3.451412
773251237,-3284.583994,5658.982415,2425.246792,-4.65613,-4.180448,3.448569
773251238,-3289.23851,5654.799004,2428.693937,-4.652902,-4.186375,3.445722
773251239,-3293.889795,5650.609668,2432.138234,-4.649669,-4.192297,3.442871
773251240,-3298.537846,5646.414411,2435.579677,-4.646432,-4.198215,3.440016
773251241,-3303.182657,5642.213239,2439.018264,-4.64319,-4.204129,3.437156
773251242,-3307.824224,5638.006155,2442.453989,-4.639943,-4.210038,3.434293
773251243,-3312.462543,5633.793164,2445.886849,-4.636693,-4.215943,3.431426
773251244,-3317.097608,5629.57427,2449.31684,-4.633437,-4.221843,3.428555
773251245,-3321.729416,5625.349479,2452.743958,-4.630177,-4.227739,3.42568
773251246,-3326.35796,5621.118794,2456.168198,-4.626912,-4.233631,3.422801
773251247,-3330.983239,5616.882219,2459.589558,-4.623643,-4.239518,3.419917
773251248,-3335.605245,5612.63976,2463.008032,-4.62037,-4.2454,3.41703
773251249,-3340.223976,5608.39142,2466.423617,-4.617091,-4.251278,3.414139
773251250,-3344.839426,5604.137205,2469.836308,-4.613809,-4.257152,3.411244
773251251,-3349.451592,5599.877118,2473.246102,-4.610521,-4.263021,3.408344
773251252,-3354.060467,5595.611165,2476.652996,-4.607229,-4.268885,3.405441
773251253,-3358.666049,5591.339349,2480.056983,-4.603933,-4.274745,3.402534
773251254,-3363.268332,5587.061676,2483.458062,-4.600632,-4.280601,3.399623
773251255,-3367.867312,5582.778149,2486.856227,-4.597327,-4.286452,3.396707
773251256,-3372.462984,5578.488774,2490.251475,-4.594017,-4.292298,3.393788
773251257,-3377.055344,5574.193554,2493.643802,-4.590702,-4.29814,3.390865
773251258,-3381.644388,5569.892495,2497.033204,-4.587384,-4.303978,3.387938
773251259,-3386.23011,5565.5856,2500.419676,-4.58406,-4.309811,3.385007
773251260,-3390.812506,5561.272875,2503.803216,-4.580732,-4.315639,3.382072
773251261,-3395.391573,5556.954324,2507.183818,-4.5774,-4.321463,3.379132
773251262,-3399.967304,5552.629951,2510.561479,-4.574063,-4.327282,3.376189
773251263,-3404.539697,5548.299762,2513.936195,-4.570721,-4.333097,3.373242
773251264,-3409.108746,5543.96376,2517.307963,-4.567375,-4.338907,3.370291
773251265,-3413.674446,5539.62195,2520.676777,-4.564025,-4.344712,3.367336
773251266,-3418.236794,5535.274337,2524.042634,-4.56067,-4.350513,3.364378
773251267,-3422.795785,5530.920926,2527.405531,-4.557311,-4.356309,3.361415
773251268,-3427.351415,5526.56172,2530.765462,-4.553947,-4.362101,3.358448
773251269,-3431.903678,5522.196725,2534.122425,-4.550579,-4.367888,3.355477
773251270,-3436.452571,5517.825945,2537.476416,-4.547206,-4.373671,3.352503
773251271,-3440.998088,5513.449385,2540.827429,-4.543829,-4.379449,3.349524
773251272,-3445.540226,5509.067049,2544.175463,-4.540447,-4.385222,3.346542
773251273,-3450.078981,5504.678943,2547.520511,-4.537061,-4.390991,3.343555
773251274,-3454.614346,5500.28507,2550.862572,-4.53367,-4.396755,3.340565
773251275,-3459.146319,5495.885435,2554.20164,-4.530275,-4.402514,3.337571
773251276,-3463.674895,5491.480043,2557.537711,-4.526876,-4.408269,3.334572
773251277,-3468.200069,5487.068899,2560.870783,-4.523472,-4.414019,3.33157
773251278,-3472.721837,5482.652007,2564.200851,-4.520063,-4.419764,3.328564
773251279,-3477.240194,5478.229372,2567.52791,-4.51665,-4.425505,3.325554
773251280,-3481.755136,5473.800999,2570.851958,-4.513233,-4.431241,3.322541
773251281,-3486.266658,5469.366892,2574.17299,-4.509811,-4.436972,3.319523
773251282,-3490.774757,5464.927055,2577.491002,-4.506385,-4.442699,3.316501
773251283,-3495.279427,5460.481495,2580.805991,-4.502954,-4.448421,3.313476
773251284,-3499.780664,5456.030214,2584.117953,-4.499519,-4.454139,3.310446
773251285,-3504.278464,5451.573219,2587.426883,-4.49608,-4.459851,3.307413
773251286,-3508.772823,5447.110513,2590.732778,-4.492636,-4.465559,3.304376
773251287,-3513.263735,5442.642102,2594.035633,-4.489188,-4.471262,3.301335
773251288,-3517.751197,5438.16799,2597.335446,-4.485735,-4.476961,3.29829
773251289,-3522.235204,5433.688182,2600.632212,-4.482278,-4.482655,3.295241
773251290,-3526.715751,5429.202682,2603.925928,-4.478817,-4.488344,3.292189
773251291,-3531.192835,5424.711496,2607.216588,-4.475351,-4.494028,3.289132
773251292,-3535.666451,5420.214627,2610.504191,-4.47188,-4.499708,3.286072
773251293,-3540.136595,5415.712082,2613.788731,-4.468406,-4.505383,3.283008
773251294,-3544.603261,5411.203864,2617.070205,-4.464927,-4.511053,3.27994
773251295,-3549.066446,5406.689978,2620.348609,-4.461443,-4.516718,3.276868
773251296,-3553.526146,5402.170429,2623.623939,-4.457955,-4.522379,3.273792
773251297,-3557.982356,5397.645222,2626.896191,-4.454463,-4.528034,3.270712
773251298,-3562.435071,5393.114362,2630.165362,-4.450966,-4.533685,3.267629
773251299,-3566.884287,5388.577853,2633.431448,-4.447465,-4.539332,3.264542
773251300,-3571.33,5384.035701,2636.694445,-4.44396,-4.544973,3.261451
773251301,-3575.772206,5379.487909,2639.954348,-4.44045,-4.55061,3.258356
773251302,-3580.2109,5374.934483,2643.211155,-4.436936,-4.556241,3.255257
773251303,-3584.646077,5370.375428,2646.464861,-4.433418,-4.561869,3.252154
773251304,-3589.077734,5365.810748,2649.715462,-4.429895,-4.567491,3.249048
773251305,-3593.505866,5361.240448,2652.962956,-4.426368,-4.573108,3.245938
773251306,-3597.930468,5356.664533,2656.207337,-4.422836,-4.578721,3.242824
773251307,-3602.351537,5352.083008,2659.448602,-4.419301,-4.584328,3.239706
773251308,-3606.769068,5347.495878,2662.686748,-4.41576,-4.589931,3.236585
773251309,-3611.183057,5342.903147,2665.92177,-4.412216,-4.595529,3.233459
773251310,-3615.593498,5338.304821,2669.153665,-4.408667,-4.601123,3.23033
773251311,-3620.000389,5333.700903,2672.382429,-4.405114,-4.606711,3.227197
773251312,-3624.403725,5329.0914,2675.608058,-4.401556,-4.612294,3.22406
773251313,-3628.8035,5324.476316,2678.830548,-4.397994,-4.617873,3.22092
773251314,-3633.199712,5319.855656,2682.049896,-4.394428,-4.623447,3.217775
773251315,-3637.592355,5315.229424,2685.266098,-4.390858,-4.629016,3.214627
773251316,-3641.981426,5310.597626,2688.47915,-4.387283,-4.63458,3.211476
773251317,-3646.36692,5305.960266,2691.689048,-4.383704,-4.640139,3.20832
773251318,-3650.748832,5301.31735,2694.895788,-4.38012,-4.645693,3.205161
773251319,-3655.127159,5296.668882,2698.099368,-4.376533,-4.651242,3.201997
773251320,-3659.501896,5292.014867,2701.299782,-4.372941,-4.656787,3.19883
773251321,-3663.873039,5287.35531,2704.497027,-4.369344,-4.662326,3.19566
773251322,-3668.240583,5282.690216,2707.6911,-4.365744,-4.667861,3.192485
773251323,-3672.604525,5278.01959,2710.881997,-4.362139,-4.67339,3.189307
773251324,-3676.964859,5273.343437,2714.069713,-4.358529,-4.678915,3.186125
773251325,-3681.321582,5268.661762,2717.254246,-4.354916,-4.684435,3.18294
773251326,-3685.674689,5263.974569,2720.435592,-4.351298,-4.68995,3.17975
773251327,-3690.024177,5259.281864,2723.613746,-4.347676,-4.69546,3.176557
773251328,-3694.37004,5254.583652,2726.788705,-4.34405,-4.700964,3.17336
773251329,-3698.712275,5249.879937,2729.960465,-4.340419,-4.706464,3.17016
773251330,-3703.050877,5245.170725,2733.129023,-4.336784,-4.711959,3.166956
773251331,-3707.385842,5240.45602,2736.294375,-4.333145,-4.717449,3.163748
773251332,-3711.717166,5235.735828,2739.456518,-4.329502,-4.722934,3.160536
773251333,-3716.044845,5231.010153,2742.615446,-4.325854,-4.728415,3.157321
773251334,-3720.368873,5226.279,2745.771157,-4.322202,-4.73389,3.154102
773251335,-3724.689248,5221.542375,2748.923648,-4.318546,-4.73936,3.150879
773251336,-3729.005964,5216.800283,2752.072914,-4.314886,-4.744825,3.147652
773251337,-3733.319018,5212.052727,2755.218951,-4.311221,-4.750285,3.144422
773251338,-3737.628405,5207.299715,2758.361757,-4.307552,-4.75574,3.141188
773251339,-3741.934121,5202.541249,2761.501326,-4.303879,-4.76119,3.137951
773251340,-3746.236162,5197.777336,2764.637656,-4.300202,-4.766635,3.134709
773251341,-3750.534523,5193.007981,2767.770744,-4.29652,-4.772075,3.131464
773251342,-3754.829201,5188.233188,2770.900584,-4.292834,-4.77751,3.128216
773251343,-3759.120191,5183.452963,2774.027174,-4.289144,-4.78294,3.124964
773251344,-3763.407488,5178.66731,2777.15051,-4.28545,-4.788365,3.121708
773251345,-3767.69109,5173.876235,2780.270588,-4.281752,-4.793784,3.118448
773251346,-3771.97099,5169.079743,2783.387405,-4.278049,-4.799199,3.115185
773251347,-3776.247186,5164.277839,2786.500957,-4.274342,-4.804609,3.111918
773251348,-3780.519674,5159.470527,2789.61124,-4.270631,-4.810014,3.108647
773251349,-3784.788447,5154.657813,2792.71825,-4.266916,-4.815413,3.105373
773251350,-3789.053504,5149.839703,2795.821985,-4.263196,-4.820808,3.102095
773251351,-3793.314839,5145.0162,2798.92244,-4.259473,-4.826197,3.098814
773251352,-3797.572448,5140.187311,2802.019611,-4.255745,-4.831581,3.095529
773251353,-3801.826328,5135.353039,2805.113496,-4.252013,-4.83696,3.09224
773251354,-3806.076473,5130.513392,2808.20409,-4.248277,-4.842334,3.088948
773251355,-3810.32288,5125.668372,2811.29139,-4.244536,-4.847703,3.085652
773251356,-3814.565544,5120.817987,2814.375392,-4.240792,-4.853067,3.082352
773251357,-3818.804462,5115.962239,2817.456093,-4.237043,-4.858426,3.079049
773251358,-3823.039629,5111.101136,2820.533489,-4.23329,-4.86378,3.075742
773251359,-3827.271041,5106.234682,2823.607576,-4.229533,-4.869128,3.072432
773251360,-3831.498694,5101.362882,2826.67835,-4.225772,-4.874471,3.069117
773251361,-3835.722584,5096.485741,2829.745809,-4.222007,-4.87981,3.0658
773251362,-3839.942706,5091.603264,2832.809949,-4.218237,-4.885143,3.062479
773251363,-3844.159057,5086.715457,2835.870765,-4.214463,-4.890471,3.059154
773251364,-3848.371631,5081.822325,2838.928255,-4.210686,-4.895793,3.055825
773251365,-3852.580426,5076.923872,2841.982414,-4.206904,-4.901111,3.052493
773251366,-3856.785437,5072.020105,2845.03324,-4.203118,-4.906423,3.049158
773251367,-3860.98666,5067.111028,2848.080728,-4.199327,-4.91173,3.045818
773251368,-3865.184091,5062.196646,2851.124876,-4.195533,-4.917033,3.042476
773251369,-3869.377725,5057.276964,2854.165679,-4.191734,-4.922329,3.039129
773251370,-3873.567558,5052.351989,2857.203133,-4.187932,-4.927621,3.03578
773251371,-3877.753587,5047.421724,2860.237237,-4.184125,-4.932907,3.032426
773251372,-3881.935807,5042.486175,2863.267984,-4.180314,-4.938189,3.029069
773251373,-3886.114214,5037.545348,2866.295374,-4.176499,-4.943465,3.025709
773251374,-3890.288805,5032.599248,2869.3194,-4.17268,-4.948736,3.022344
773251375,-3894.459574,5027.647879,2872.340061,-4.168857,-4.954001,3.018977
773251376,-3898.626518,5022.691247,2875.357353,-4.16503,-4.959262,3.015606
773251377,-3902.789632,5017.729357,2878.371271,-4.161199,-4.964517,3.012231
773251378,-3906.948913,5012.762215,2881.381813,-4.157363,-4.969767,3.008853
773251379,-3911.104357,5007.789826,2884.388975,-4.153524,-4.975011,3.005471
773251380,-3915.255959,5002.812195,2887.392754,-4.14968,-4.980251,3.002086
773251381,-3919.403715,4997.829326,2890.393145,-4.145832,-4.985485,2.998697
773251382,-3923.547622,4992.841227,2893.390146,-4.14198,-4.990714,2.995304
773251383,-3927.687675,4987.847901,2896.383752,-4.138125,-4.995937,2.991908
773251384,-3931.82387,4982.849354,2899.373961,-4.134265,-5.001156,2.988509
773251385,-3935.956203,4977.845591,2902.360769,-4.130401,-5.006369,2.985106
773251386,-3940.08467,4972.836618,2905.344172,-4.126533,-5.011577,2.9817
773251387,-3944.209267,4967.822439,2908.324168,-4.12266,-5.016779,2.97829
773251388,-3948.329989,4962.803061,2911.300751,-4.118784,-5.021976,2.974877
773251389,-3952.446834,4957.778488,2914.273919,-4.114904,-5.027168,2.97146
773251390,-3956.559796,4952.748726,2917.243669,-4.11102,-5.032355,2.968039
773251391,-3960.668872,4947.71378,2920.209997,-4.107131,-5.037536,2.964615
773251392,-3964.774057,4942.673656,2923.172899,-4.103239,-5.042712,2.961188
773251393,-3968.875349,4937.628358,2926.132372,-4.099343,-5.047883,2.957757
773251394,-3972.972741,4932.577892,2929.088412,-4.095442,-5.053048,2.954323
773251395,-3977.066232,4927.522263,2932.041017,-4.091538,-5.058208,2.950885
773251396,-3981.155815,4922.461477,2934.990182,-4.087629,-5.063363,2.947444
773251397,-3985.241489,4917.395539,2937.935904,-4.083717,-5.068512,2.944
773251398,-3989.323248,4912.324455,2940.87818,-4.0798,-5.073656,2.940551
773251399,-3993.401088,4907.248229,2943.817006,-4.07588,-5.078795,2.9371
773251400,-3997.475006,4902.166867,2946.752379,-4.071955,-5.083928,2.933645
773251401,-4001.544997,4897.080374,2949.684295,-4.068027,-5.089056,2.930187
773251402,-4005.611057,4891.988757,2952.61275,-4.064094,-5.094179,2.926725
773251403,-4009.673183,4886.892019,2955.537743,-4.060157,-5.099296,2.923259
773251404,-4013.731371,4881.790167,2958.459268,-4.056217,-5.104408,2.919791
773251405,-4017.785616,4876.683206,2961.377323,-4.052272,-5.109514,2.916318
773251406,-4021.835914,4871.571141,2964.291904,-4.048324,-5.114615,2.912843
773251407,-4025.882262,4866.453978,2967.203007,-4.044371,-5.119711,2.909364
773251408,-4029.924655,4861.331722,2970.11063,-4.040415,-5.124801,2.905881
773251409,-4033.96309,4856.204378,2973.014769,-4.036454,-5.129886,2.902396
773251410,-4037.997563,4851.071952,2975.91542,-4.03249,-5.134965,2.898906
773251411,-4042.028069,4845.93445,2978.812581,-4.028521,-5.140039,2.895414
773251412,-4046.054604,4840.791876,2981.706247,-4.024549,-5.145107,2.891918
773251413,-4050.077165,4835.644237,2984.596415,-4.020573,-5.150171,2.888418
773251414,-4054.095748,4830.491537,2987.483083,-4.016592,-5.155228,2.884916
773251415,-4058.110349,4825.333782,2990.366245,-4.012608,-5.160281,2.881409
773251416,-4062.120963,4820.170978,2993.2459,-4.00862,-5.165327,2.8779
773251417,-4066.127587,4815.003129,2996.122044,-4.004628,-5.170369,2.874387
773251418,-4070.130217,4809.830242,2998.994673,-4.000632,-5.175405,2.870871
773251419,-4074.128849,4804.652322,3001.863784,-3.996632,-5.180435,2.867351
773251420,-4078.123479,4799.469374,3004.729374,-3.992628,-5.18546,2.863828
773251421,-4082.114103,4794.281404,3007.591439,-3.98862,-5.190479,2.860302
773251422,-4086.100717,4789.088417,3010.449976,-3.984608,-5.195494,2.856772
773251423,-4090.083318,4783.890419,3013.304981,-3.980592,-5.200502,2.853239
773251424,-4094.0619,4778.687414,3016.156452,-3.976573,-5.205505,2.849702
773251425,-4098.036461,4773.47941,3019.004384,-3.972549,-5.210503,2.846162
773251426,-4102.006997,4768.266411,3021.848775,-3.968521,-5.215495,2.842619
773251427,-4105.973503,4763.048422,3024.689622,-3.96449,-5.220481,2.839073
773251428,-4109.935976,4757.82545,3027.52692,-3.960455,-5.225462,2.835523
773251429,-4113.894412,4752.5975,3030.360666,-3.956416,-5.230438,2.83197
773251430,-4117.848806,4747.364576,3033.190858,-3.952373,-5.235408,2.828413
773251431,-4121.799155,4742.126685,3036.017492,-3.948326,-5.240372,2.824854
773251432,-4125.745456,4736.883833,3038.840565,-3.944275,-5.245331,2.821291
773251433,-4129.687703,4731.636024,3041.660072,-3.94022,-5.250285,2.817724
773251434,-4133.625894,4726.383265,3044.476012,-3.936161,-5.255233,2.814155
773251435,-4137.560025,4721.125561,3047.28838,-3.932099,-5.260175,2.810582
773251436,-4141.490091,4715.862917,3050.097174,-3.928032,-5.265112,2.807005
773251437,-4145.416088,4710.595339,3052.902389,-3.923962,-5.270043,2.803426
773251438,-4149.338014,4705.322832,3055.704024,-3.919888,-5.274969,2.799843
773251439,-4153.255863,4700.045403,3058.502074,-3.91581,-5.279889,2.796257
773251440,-4157.169633,4694.763056,3061.296536,-3.911728,-5.284804,2.792667
773251441,-4161.079319,4689.475798,3064.087407,-3.907643,-5.289713,2.789074
773251442,-4164.984917,4684.183633,3066.874684,-3.903553,-5.294616,2.785478
773251443,-4168.886424,4678.886568,3069.658363,-3.89946,-5.299514,2.781879
773251444,-4172.783835,4673.584608,3072.438441,-3.895363,-5.304406,2.778277
773251445,-4176.677147,4668.277758,3075.214915,-3.891262,-5.309293,2.774671
773251446,-4180.566357,4662.966024,3077.987781,-3.887157,-5.314174,2.771062
773251447,-4184.45146,4657.649413,3080.757037,-3.883048,-5.319049,2.76745
773251448,-4188.332452,4652.327928,3083.52268,-3.878935,-5.323919,2.763834
773251449,-4192.209329,4647.001577,3086.284704,-3.874819,-5.328783,2.760215
773251450,-4196.082089,4641.670364,3089.043109,-3.870699,-5.333642,2.756593
773251451,-4199.950726,4636.334296,3091.79789,-3.866575,-5.338494,2.752968
773251452,-4203.815237,4630.993377,3094.549044,-3.862447,-5.343342,2.74934
773251453,-4207.675619,4625.647614,3097.296568,-3.858316,-5.348183,2.745708
773251454,-4211.531867,4620.297012,3100.040459,-3.85418,-5.353019,2.742073
773251455,-4215.383978,4614.941577,3102.780713,-3.850041,-5.35785,2.738435
773251456,-4219.231948,4609.581314,3105.517327,-3.845898,-5.362675,2.734793
773251457,-4223.075773,4604.216229,3108.250299,-3.841751,-5.367494,2.731149
773251458,-4226.915449,4598.846329,3110.979624,-3.837601,-5.372307,2.727501
773251459,-4230.750973,4593.471617,3113.7053,-3.833446,-5.377115,2.72385
773251460,-4234.582341,4588.092101,3116.427323,-3.829288,-5.381917,2.720196
773251461,-4238.409549,4582.707785,3119.145691,-3.825127,-5.386713,2.716539
773251462,-4242.232593,4577.318676,3121.8604,-3.820961,-5.391504,2.712878
773251463,-4246.05147,4571.924779,3124.571446,-3.816791,-5.396289,2.709214
773251464,-4249.866175,4566.5261,3127.278827,-3.812618,-5.401068,2.705548
773251465,-4253.676705,4561.122644,3129.98254,-3.808441,-5.405842,2.701878
773251466,-4257.483056,4555.714418,3132.682581,-3.804261,-5.41061,2.698204
773251467,-4261.285225,4550.301427,3135.378948,-3.800076,-5.415372,2.694528
773251468,-4265.083208,4544.883676,3138.071636,-3.795888,-5.420129,2.690848
773251469,-4268.877001,4539.461171,3140.760643,-3.791696,-5.424879,2.687166
773251470,-4272.666599,4534.033919,3143.445966,-3.787501,-5.429624,2.68348
773251471,-4276.452001,4528.601924,3146.127602,-3.783301,-5.434364,2.679791
773251472,-4280.233201,4523.165193,3148.805547,-3.779098,-5.439097,2.676099
773251473,-4284.010196,4517.723732,3151.479798,-3.774891,-5.443825,2.672403
773251474,-4287.782982,4512.277545,3154.150352,-3.770681,-5.448547,2.668705
773251475,-4291.551556,4506.826639,3156.817206,-3.766467,-5.453264,2.665003
773251476,-4295.315914,4501.37102,3159.480358,-3.762249,-5.457974,2.661299
773251477,-4299.076053,4495.910692,3162.139802,-3.758027,-5.462679,2.657591
773251478,-4302.831967,4490.445663,3164.795538,-3.753802,-5.467378,2.65388
773251479,-4306.583655,4484.975938,3167.447561,-3.749573,-5.472072,2.650166
773251480,-4310.331111,4479.501522,3170.095869,-3.74534,-5.476759,2.646449
773251481,-4314.074333,4474.022422,3172.740457,-3.741103,-5.481441,2.642728
773251482,-4317.813317,4468.538642,3175.381324,-3.736863,-5.486117,2.639005
773251483,-4321.548059,4463.05019,3178.018466,-3.732619,-5.490787,2.635279
773251484,-4325.278555,4457.55707,3180.65188,-3.728372,-5.495451,2.631549
773251485,-4329.004801,4452.059289,3183.281563,-3.724121,-5.50011,2.627816
773251486,-4332.726795,4446.556852,3185.907512,-3.719866,-5.504763,2.624081
773251487,-4336.444532,4441.049765,3188.529724,-3.715607,-5.50941,2.620342
773251488,-4340.158009,4435.538034,3191.148195,-3.711345,-5.514051,2.6166
773251489,-4343.867221,4430.021664,3193.762923,-3.707079,-5.518686,2.612855
773251490,-4347.572166,4424.500663,3196.373904,-3.70281,-5.523316,2.609107
773251491,-4351.27284,4418.975034,3198.981136,-3.698537,-5.52794,2.605356
773251492,-4354.969239,4413.444785,3201.584615,-3.69426,-5.532558,2.601602
773251493,-4358.661359,4407.909921,3204.184339,-3.68998,-5.53717,2.597845
773251494,-4362.349197,4402.370448,3206.780303,-3.685696,-5.541776,2.594085
773251495,-4366.032749,4396.826371,3209.372507,-3.681408,-5.546376,2.590321
773251496,-4369.712012,4391.277697,3211.960945,-3.677117,-5.550971,2.586555
773251497,-4373.386981,4385.724431,3214.545616,-3.672822,-5.555559,2.582786
773251498,-4377.057654,4380.16658,3217.126515,-3.668523,-5.560142,2.579013
773251499,-4380.724027,4374.604149,3219.703641,-3.664221,-5.564719,2.575238
773251500,-4384.386095,4369.037143,3222.27699,-3.659915,-5.56929,2.57146
773251501,-4388.043856,4363.46557,3224.846559,-3.655606,-5.573855,2.567678
773251502,-4391.697306,4357.889434,3227.412345,-3.651293,-5.578415,2.563894
773251503,-4395.34644,4352.308742,3229.974345,-3.646976,-5.582968,2.560106
773251504,-4398.991257,4346.7235,3232.532556,-3.642656,-5.587516,2.556316
773251505,-4402.631751,4341.133713,3235.086976,-3.638332,-5.592057,2.552522
773251506,-4406.26792,4335.539387,3237.6376,-3.634005,-5.596593,2.548726
773251507,-4409.89976,4329.940529,3240.184426,-3.629674,-5.601123,2.544926
773251508,-4413.527267,4324.337143,3242.727452,-3.625339,-5.605647,2.541124
773251509,-4417.150438,4318.729237,3245.266673,-3.621001,-5.610165,2.537319
773251510,-4420.769269,4313.116815,3247.802088,-3.61666,-5.614677,2.53351
773251511,-4424.383756,4307.499885,3250.333693,-3.612314,-5.619183,2.529699
773251512,-4427.993896,4301.878451,3252.861485,-3.607966,-5.623683,2.525885
773251513,-4431.599686,4296.25252,3255.385461,-3.603613,-5.628178,2.522067
773251514,-4435.201122,4290.622097,3257.905619,-3.599257,-5.632666,2.518247
773251515,-4438.7982,4284.987189,3260.421954,-3.594898,-5.637149,2.514424
773251516,-4442.390916,4279.347802,3262.934465,-3.590535,-5.641625,2.510598
773251517,-4445.979268,4273.703941,3265.443149,-3.586168,-5.646096,2.506769
773251518,-4449.563252,4268.055613,3267.948002,-3.581798,-5.65056,2.502937
773251519,-4453.142864,4262.402823,3270.449021,-3.577425,-5.655019,2.499102
773251520,-4456.7181,4256.745577,3272.946204,-3.573048,-5.659471,2.495264
773251521,-4460.288958,4251.083882,3275.439548,-3.568667,-5.663918,2.491423
773251522,-4463.855433,4245.417743,3277.929049,-3.564283,-5.668359,2.487579
773251523,-4467.417522,4239.747166,3280.414705,-3.559895,-5.672794,2.483733
773251524,-4470.975222,4234.072158,3282.896513,-3.555504,-5.677222,2.479883
773251525,-4474.528529,4228.392724,3285.37447,-3.551109,-5.681645,2.476031
773251526,-4478.077439,4222.70887,3287.848573,-3.546711,-5.686062,2.472175
773251527,-4481.62195,4217.020602,3290.31882,-3.542309,-5.690473,2.468317
773251528,-4485.162056,4211.327926,3292.785206,-3.537904,-5.694877,2.464456
773251529,-4488.697756,4205.630849,3295.24773,-3.533495,-5.699276,2.460592
773251530,-4492.229046,4199.929376,3297.706388,-3.529083,-5.703669,2.456725
773251531,-4495.755922,4194.223513,3300.161178,-3.524667,-5.708056,2.452855
773251532,-4499.27838,4188.513267,3302.612097,-3.520248,-5.712436,2.448982
773251533,-4502.796417,4182.798643,3305.059142,-3.515826,-5.716811,2.445107
773251534,-4506.31003,4177.079647,3307.502309,-3.5114,-5.72118,2.441228
773251535,-4509.819215,4171.356286,3309.941597,-3.50697,-5.725542,2.437347
773251536,-4513.323969,4165.628565,3312.377002,-3.502537,-5.729899,2.433463
773251537,-4516.824288,4159.89649,3314.808521,-3.498101,-5.734249,2.429576
773251538,-4520.320169,4154.160068,3317.236152,-3.493661,-5.738594,2.425686
773251539,-4523.811609,4148.419304,3319.659891,-3.489217,-5.742932,2.421793
773251540,-4527.298603,4142.674205,3322.079737,-3.484771,-5.747265,2.417897
773251541,-4530.781149,4136.924777,3324.495685,-3.48032,-5.751591,2.413999
773251542,-4534.259243,4131.171026,3326.907734,-3.475867,-5.755911,2.410098
773251543,-4537.732881,4125.412957,3329.315879,-3.47141,-5.760225,2.406194
773251544,-4541.202061,4119.650577,3331.72012,-3.466949,-5.764533,2.402287
773251545,-4544.666778,4113.883892,3334.120452,-3.462485,-5.768835,2.398377
773251546,-4548.12703,4108.112908,3336.516873,-3.458018,-5.773131,2.394465
773251547,-4551.582813,4102.337631,3338.90938,-3.453547,-5.777421,2.390549
773251548,-4555.034123,4096.558068,3341.29797,-3.449073,-5.781705,2.386631
773251549,-4558.480958,4090.774223,3343.682641,-3.444595,-5.785983,2.38271
773251550,-4561.923313,4084.986104,3346.06339,-3.440114,-5.790254,2.378786
773251551,-4565.361185,4079.193717,3348.440213,-3.43563,-5.79452,2.37486
773251552,-4568.794571,4073.397067,3350.813108,-3.431142,-5.798779,2.370931
773251553,-4572.223468,4067.596161,3353.182073,-3.426651,-5.803032,2.366998
773251554,-4575.647872,4061.791005,3355.547104,-3.422156,-5.807279,2.363064
773251555,-4579.06778,4055.981605,3357.908199,-3.417659,-5.81152,2.359126
773251556,-4582.483189,4050.167967,3360.265355,-3.413157,-5.815755,2.355186
773251557,-4585.894094,4044.350097,3362.61857,-3.408653,-5.819984,2.351242
773251558,-4589.300493,4038.528002,3364.967839,-3.404145,-5.824206,2.347296
773251559,-4592.702382,4032.701687,3367.313162,-3.399633,-5.828423,2.343348
